Departamento,Municipio,Codigo Municipio,Total Procesadas
* PROCEDENCIA DESCONOCIDA,* PROCEDENCIA DESCONOCIDA,00000,11993
AMAZONAS,LA CHORRERA (CD),91405,2
AMAZONAS,LA PEDRERA (CD),91407,1
AMAZONAS,LETICIA,91001,21313
AMAZONAS,PUERTO ALEGRIA (CD),91530,1
AMAZONAS,PUERTO NARIÑO,91540,100
AMAZONAS,TARAPACA (CD),91798,1
ANTIOQUIA,* ANTIOQUIA. MUNICIPIO DESCONOCIDO,05000,251
ANTIOQUIA,ABEJORRAL,05002,667
ANTIOQUIA,ABRIAQUI,05004,66
ANTIOQUIA,ALEJANDRIA,05021,182
ANTIOQUIA,AMAGA,05030,1166
ANTIOQUIA,AMALFI,05031,797
ANTIOQUIA,ANDES,05034,533
ANTIOQUIA,ANGELOPOLIS,05036,215
ANTIOQUIA,ANGOSTURA,05038,172
ANTIOQUIA,ANORI,05040,412
ANTIOQUIA,ANTIOQUIA,05042,2328
ANTIOQUIA,ANZA,05044,364
ANTIOQUIA,APARTADO,05045,14851
ANTIOQUIA,ARBOLETES,05051,874
ANTIOQUIA,ARGELIA,05055,224
ANTIOQUIA,ARMENIA,05059,1315
ANTIOQUIA,BARBOSA,05079,1763
ANTIOQUIA,BELLO,05088,44109
ANTIOQUIA,BELMIRA,05086,282
ANTIOQUIA,BETANIA,05091,279
ANTIOQUIA,BETULIA,05093,316
ANTIOQUIA,BOLIVAR,05101,1030
ANTIOQUIA,BRICENO,05107,242
ANTIOQUIA,BURITICA,05113,2211
ANTIOQUIA,CACERES,05120,672
ANTIOQUIA,CAICEDO,05125,398
ANTIOQUIA,CALDAS,05129,10987
ANTIOQUIA,CAMPAMENTO,05134,121
ANTIOQUIA,CAÑASGORDAS,05138,674
ANTIOQUIA,CARACOLI,05142,223
ANTIOQUIA,CARAMANTA,05145,104
ANTIOQUIA,CAREPA,05147,4001
ANTIOQUIA,CARMEN DE VIBORAL,05148,2213
ANTIOQUIA,CAROLINA,05150,191
ANTIOQUIA,CAUCASIA,05154,3046
ANTIOQUIA,CHIGORODO,05172,2213
ANTIOQUIA,CISNEROS,05190,316
ANTIOQUIA,COCORNA,05197,398
ANTIOQUIA,CONCEPCION,05206,166
ANTIOQUIA,CONCORDIA,05209,252
ANTIOQUIA,COPACABANA,05212,7317
ANTIOQUIA,DABEIBA,05234,2767
ANTIOQUIA,DON MATIAS,05237,1119
ANTIOQUIA,EBEJICO,05240,144
ANTIOQUIA,EL BAGRE,05250,2332
ANTIOQUIA,ENTRERRIOS,05264,874
ANTIOQUIA,ENVIGADO,05266,33548
ANTIOQUIA,FREDONIA,05282,378
ANTIOQUIA,FRONTINO,05284,332
ANTIOQUIA,GIRALDO,05306,1072
ANTIOQUIA,GIRARDOTA,05308,3706
ANTIOQUIA,GOMEZ PLATA,05310,174
ANTIOQUIA,GRANADA,05313,225
ANTIOQUIA,GUADALUPE,05315,135
ANTIOQUIA,GUARNE,05318,2868
ANTIOQUIA,GUATAPE,05321,344
ANTIOQUIA,HELICONIA,05347,390
ANTIOQUIA,HISPANIA,05353,359
ANTIOQUIA,ITAGUI,05360,35572
ANTIOQUIA,ITUANGO,05361,7578
ANTIOQUIA,JARDIN,05364,611
ANTIOQUIA,JERICO,05368,784
ANTIOQUIA,LA CEJA,05376,3613
ANTIOQUIA,LA ESTRELLA,05380,4989
ANTIOQUIA,LA PINTADA,05390,403
ANTIOQUIA,LA UNION,05400,1481
ANTIOQUIA,LIBORINA,05411,371
ANTIOQUIA,MACEO,05425,678
ANTIOQUIA,MARINILLA,05440,3078
ANTIOQUIA,MEDELLIN,05001,594581
ANTIOQUIA,MONTEBELLO,05467,149
ANTIOQUIA,MURINDO,05475,192
ANTIOQUIA,MUTATA,05480,1152
ANTIOQUIA,NARIÑO,05483,628
ANTIOQUIA,NECHI,05495,571
ANTIOQUIA,NECOCLI,05490,1267
ANTIOQUIA,OLAYA,05501,188
ANTIOQUIA,PEÑOL,05541,757
ANTIOQUIA,PEQUE,05543,353
ANTIOQUIA,PUEBLORRICO,05576,117
ANTIOQUIA,PUERTO BERRIO,05579,2386
ANTIOQUIA,PUERTO NARE (LA MAGDALENA ),05585,538
ANTIOQUIA,PUERTO TRIUNFO,05591,688
ANTIOQUIA,REMEDIOS,05604,497
ANTIOQUIA,RETIRO,05607,622
ANTIOQUIA,RIONEGRO,05615,41785
ANTIOQUIA,SABANALARGA,05628,305
ANTIOQUIA,SABANETA,05631,12184
ANTIOQUIA,SALGAR,05642,557
ANTIOQUIA,SAN ANDRES,05647,756
ANTIOQUIA,SAN CARLOS,05649,652
ANTIOQUIA,SAN FRANCISCO,05652,124
ANTIOQUIA,SAN JERONIMO,05656,539
ANTIOQUIA,SAN JOSE DE LA MONTANA,05658,174
ANTIOQUIA,SAN JUAN DE URABA,05659,257
ANTIOQUIA,SAN LUIS,05660,414
ANTIOQUIA,SAN PEDRO,05664,925
ANTIOQUIA,SAN PEDRO DE URABA,05665,477
ANTIOQUIA,SAN RAFAEL,05667,322
ANTIOQUIA,SAN ROQUE,05670,935
ANTIOQUIA,SAN VICENTE,05674,340
ANTIOQUIA,SANTA BARBARA,05679,1158
ANTIOQUIA,SANTA ROSA DE OSOS,05686,1820
ANTIOQUIA,SANTO DOMINGO,05690,453
ANTIOQUIA,SANTUARIO,05697,625
ANTIOQUIA,SEGOVIA,05736,564
ANTIOQUIA,SONSON,05756,1067
ANTIOQUIA,SOPETRAN,05761,1160
ANTIOQUIA,TAMESIS,05789,1723
ANTIOQUIA,TARAZA,05790,771
ANTIOQUIA,TARSO,05792,275
ANTIOQUIA,TITIRIBI,05809,341
ANTIOQUIA,TOLEDO,05819,201
ANTIOQUIA,TURBO,05837,4734
ANTIOQUIA,URAMITA,05842,169
ANTIOQUIA,URRAO,05847,1518
ANTIOQUIA,VALDIVIA,05854,410
ANTIOQUIA,VALPARAISO,05856,123
ANTIOQUIA,VEGACHI,05858,620
ANTIOQUIA,VENECIA,05861,241
ANTIOQUIA,VIGIA DEL FUERTE,05873,295
ANTIOQUIA,YALI,05885,58
ANTIOQUIA,YARUMAL,05887,2161
ANTIOQUIA,YOLOMBO,05890,730
ANTIOQUIA,YONDO (CASABE),05893,369
ANTIOQUIA,ZARAGOZA,05895,680
ARAUCA,ARAUCA,81001,14415
ARAUCA,ARAUQUITA,81065,947
ARAUCA,CRAVO NORTE,81220,95
ARAUCA,FORTUL,81300,228
ARAUCA,PUERTO RONDON,81591,124
ARAUCA,SARAVENA,81736,2302
ARAUCA,TAME,81794,1115
ATLANTICO,* ATLANTICO. MUNICIPIO DESCONOCIDO,08000,1
ATLANTICO,BARANOA,08078,15176
ATLANTICO,BARRANQUILLA,08001,452239
ATLANTICO,CAMPO DE LA CRUZ,08137,5464
ATLANTICO,CANDELARIA,08141,2262
ATLANTICO,GALAPA,08296,9552
ATLANTICO,JUAN DE ACOSTA,08372,2761
ATLANTICO,LURUACO,08421,6924
ATLANTICO,MALAMBO,08433,14744
ATLANTICO,MANATI,08436,4663
ATLANTICO,PALMAR DE VARELA,08520,5142
ATLANTICO,PIOJO,08549,1011
ATLANTICO,POLO NUEVO,08558,4123
ATLANTICO,PONEDERA,08560,4612
ATLANTICO,PUERTO COLOMBIA,08573,9262
ATLANTICO,REPELON,08606,2109
ATLANTICO,SABANAGRANDE,08634,3917
ATLANTICO,SABANALARGA,08638,20174
ATLANTICO,SANTA LUCIA,08675,3764
ATLANTICO,SANTO TOMAS,08685,7301
ATLANTICO,SOLEDAD,08758,58034
ATLANTICO,SUAN,08770,1159
ATLANTICO,TUBARA,08832,3212
ATLANTICO,USIACURI,08849,1303
BOGOTA DC,BOGOTA DC,11000,144
BOGOTA DC,BOGOTA DC,11001,2385685
BOGOTA DC,BOGOTA-CHAPINERO-SAN ISIDRIO PATIOS,11189,3
BOGOTA DC,BOGOTA-ENGATIVA-BOLIVIA,11172,1
BOGOTA DC,BOGOTA-ENGATIVA-EL MINUTO DE DIOS,11129,4
BOGOTA DC,BOGOTA-ENGATIVA-LAS FERIAS,11126,2
BOGOTA DC,BOGOTA-FONTIBON-FONTIBON,11175,42
BOGOTA DC,BOGOTA-FONTIBON-GRANJAS DE TECHO,11212,1
BOGOTA DC,BOGOTA-KENNEDY-TINTAL NORTE,11178,30
BOGOTA DC,BOGOTA-SUMAPAZ-SANTA ROSITA BAJA (VEREDA,11417,2
BOGOTA DC,BOGOTA-TEUSAQUILLO-LA ESMERALDA,11206,1
BOGOTA DC,BOGOTA-TUNJUELITO-TUNJUELITO,11162,9
BOGOTA DC,BOGOTA-USAQUEN-PASEO LOS LIBERTADORES,11101,3
BOLIVAR,ACHI,13006,578
BOLIVAR,ALTOS DEL ROSARIO,13030,52
BOLIVAR,ARENAL,13042,51
BOLIVAR,ARJONA,13052,2723
BOLIVAR,ARROYOHONDO,13062,346
BOLIVAR,BARRANCO DE LOBA,13074,376
BOLIVAR,CALAMAR,13140,1000
BOLIVAR,CANTAGALLO,13160,172
BOLIVAR,CARTAGENA,13001,247200
BOLIVAR,CICUCO,13188,621
BOLIVAR,CLEMENCIA,13222,407
BOLIVAR,CORDOBA,13212,1468
BOLIVAR,EL CARMEN DE BOLIVAR,13244,2766
BOLIVAR,EL GUAMO,13248,326
BOLIVAR,EL PEÑON,13268,93
BOLIVAR,HATILLO DE LOBA,13300,125
BOLIVAR,MAGANGUE,13430,8106
BOLIVAR,MAHATES,13433,835
BOLIVAR,MARGARITA,13440,270
BOLIVAR,MARIA LA BAJA,13442,365
BOLIVAR,MOMPOS,13468,1340
BOLIVAR,MONTECRISTO,13458,123
BOLIVAR,MORALES,13473,152
BOLIVAR,NOROSÌ,13490,29
BOLIVAR,PINILLOS,13549,198
BOLIVAR,REGIDOR,13580,96
BOLIVAR,RIO VIEJO,13600,24
BOLIVAR,SAN CRISTOBAL,13620,510
BOLIVAR,SAN ESTANISLAO,13647,236
BOLIVAR,SAN FERNANDO,13650,112
BOLIVAR,SAN JACINTO,13654,1090
BOLIVAR,SAN JACINTO DEL CAUCA,13655,124
BOLIVAR,SAN JUAN NEPOMUCENO,13657,2553
BOLIVAR,SAN MARTIN DE LOBA,13667,191
BOLIVAR,SAN PABLO,13670,168
BOLIVAR,SANTA CATALINA,13673,200
BOLIVAR,SANTA ROSA,13683,1097
BOLIVAR,SANTA ROSA DEL SUR,13688,83
BOLIVAR,SIMITI,13744,71
BOLIVAR,SOPLAVIENTO,13760,392
BOLIVAR,TALAIGUA NUEVO,13780,585
BOLIVAR,TIQUISIO (PUERTO RICO),13810,362
BOLIVAR,TURBACO,13836,3078
BOLIVAR,TURBANA,13838,406
BOLIVAR,VILLANUEVA,13873,1026
BOLIVAR,ZAMBRANO,13894,577
BOYACA,* BOYACA. MUNICIPIO DESCONOCIDO,15000,11
BOYACA,ALMEIDA,15022,30
BOYACA,AQUITANIA,15047,121
BOYACA,ARCABUCO,15051,106
BOYACA,BELEN,15087,151
BOYACA,BERBEO,15090,49
BOYACA,BETEITIVA,15092,42
BOYACA,BOAVITA,15097,391
BOYACA,BOYACA,15104,417
BOYACA,BRICENO,15106,48
BOYACA,BUENAVISTA,15109,197
BOYACA,BUSBANZA,15114,9
BOYACA,CALDAS,15131,17
BOYACA,CAMPOHERMOSO,15135,74
BOYACA,CERINZA,15162,73
BOYACA,CHINAVITA,15172,57
BOYACA,CHIQUINQUIRA,15176,6764
BOYACA,CHIQUIZA,15232,55
BOYACA,CHISCAS,15180,57
BOYACA,CHITA,15183,153
BOYACA,CHITARAQUE,15185,143
BOYACA,CHIVATA,15187,34
BOYACA,CHIVOR,15236,36
BOYACA,CIENEGA,15189,159
BOYACA,COMBITA,15204,3626
BOYACA,COPER,15212,62
BOYACA,CORRALES,15215,26
BOYACA,COVARACHIA,15218,156
BOYACA,CUBARA,15223,179
BOYACA,CUCAITA,15224,80
BOYACA,CUITIVA,15226,35
BOYACA,DUITAMA,15238,13128
BOYACA,EL COCUY,15244,198
BOYACA,EL ESPINO,15248,77
BOYACA,FIRAVITOBA,15272,74
BOYACA,FLORESTA,15276,34
BOYACA,GACHANTIVA,15293,317
BOYACA,GAMEZA,15296,15
BOYACA,GARAGOA,15299,1466
BOYACA,GUACAMAYAS,15317,16
BOYACA,GUATEQUE,15322,1198
BOYACA,GUAYATA,15325,261
BOYACA,GUICAN,15332,132
BOYACA,IZA,15362,49
BOYACA,JENESANO,15367,41
BOYACA,JERICO,15368,24
BOYACA,LA CAPILLA,15380,37
BOYACA,LA UVITA,15403,46
BOYACA,LA VICTORIA,15401,101
BOYACA,LABRANZAGRANDE,15377,6
BOYACA,MACANAL,15425,53
BOYACA,MARIPI,15442,121
BOYACA,MIRAFLORES,15455,411
BOYACA,MONGUA,15464,53
BOYACA,MONGUI,15466,159
BOYACA,MONIQUIRA,15469,2315
BOYACA,MOTAVITA,15476,149
BOYACA,MUZO,15480,461
BOYACA,NOBSA,15491,609
BOYACA,NUEVO COLON,15494,39
BOYACA,OICATA,15500,312
BOYACA,OTANCHE,15507,209
BOYACA,PACHAVITA,15511,99
BOYACA,PAEZ,15514,38
BOYACA,PAIPA,15516,1641
BOYACA,PAJARITO,15518,16
BOYACA,PANQUEBA,15522,81
BOYACA,PAUNA,15531,97
BOYACA,PAZ DE RIO,15537,41
BOYACA,PESCA,15542,276
BOYACA,PISBA,15550,10
BOYACA,PUERTO BOYACA,15572,3438
BOYACA,QUIPAMA,15580,219
BOYACA,RAMIRIQUI,15599,673
BOYACA,RAQUIRA,15600,69
BOYACA,RONDON,15621,48
BOYACA,SABOYA,15632,165
BOYACA,SACHICA,15638,210
BOYACA,SAMACA,15646,1194
BOYACA,SAN EDUARDO,15660,118
BOYACA,SAN JOSE DE PARE,15664,148
BOYACA,SAN LUIS DE GACENO,15667,104
BOYACA,SAN MATEO,15673,32
BOYACA,SAN MIGUEL DE SEMA,15676,76
BOYACA,SAN PABLO DE BORBUR,15681,162
BOYACA,SANTA MARIA,15690,407
BOYACA,SANTA ROSA DE VITERBO,15693,446
BOYACA,SANTA SOFIA,15696,35
BOYACA,SANTANA,15686,170
BOYACA,SATIVANORTE,15720,87
BOYACA,SATIVASUR,15723,7
BOYACA,SIACHOQUE,15740,108
BOYACA,SOATA,15753,920
BOYACA,SOCHA,15757,300
BOYACA,SOCOTA,15755,338
BOYACA,SOGAMOSO,15759,14096
BOYACA,SOMONDOCO,15761,13
BOYACA,SORA,15762,38
BOYACA,SORACA,15764,94
BOYACA,SOTAQUIRA,15763,77
BOYACA,SUSACON,15774,88
BOYACA,SUTAMARCHAN,15776,200
BOYACA,SUTATENZA,15778,30
BOYACA,TASCO,15790,50
BOYACA,TENZA,15798,33
BOYACA,TIBANA,15804,132
BOYACA,TIBASOSA,15806,258
BOYACA,TINJACA,15808,15
BOYACA,TIPACOQUE,15810,133
BOYACA,TOCA,15814,246
BOYACA,TOGUI,15816,102
BOYACA,TOPAGA,15820,22
BOYACA,TOTA,15822,117
BOYACA,TUNJA,15001,58323
BOYACA,TUNUNGUA,15832,49
BOYACA,TURMEQUE,15835,214
BOYACA,TUTA,15837,270
BOYACA,TUTAZA,15839,58
BOYACA,UMBITA,15842,165
BOYACA,VENTAQUEMADA,15861,190
BOYACA,VILLA DE LEYVA,15407,1053
BOYACA,VIRACACHA,15879,29
BOYACA,ZETAQUIRA,15897,93
CALDAS,AGUADAS,17013,489
CALDAS,ANSERMA,17042,1108
CALDAS,ARANZAZU,17050,454
CALDAS,BELALCAZAR,17088,199
CALDAS,CHINCHINA,17174,3796
CALDAS,FILADELFIA,17272,400
CALDAS,LA DORADA,17380,7909
CALDAS,LA MERCED,17388,249
CALDAS,MANIZALES,17001,105403
CALDAS,MANZANARES,17433,766
CALDAS,MARMATO,17442,743
CALDAS,MARQUETALIA,17444,517
CALDAS,MARULANDA,17446,175
CALDAS,NEIRA,17486,763
CALDAS,NORCASIA,17495,99
CALDAS,PACORA,17513,663
CALDAS,PALESTINA,17524,299
CALDAS,PENSILVANIA,17541,569
CALDAS,RIOSUCIO,17614,923
CALDAS,RISARALDA,17616,328
CALDAS,SALAMINA,17653,452
CALDAS,SAMANA,17662,111
CALDAS,SAN JOSE,17665,194
CALDAS,SUPIA,17777,873
CALDAS,VICTORIA,17867,141
CALDAS,VILLAMARIA,17873,3760
CALDAS,VITERBO,17877,391
CAQUETA,ALBANIA,18029,152
CAQUETA,BELEN DE LOS ANDAQUIES,18094,115
CAQUETA,CARTAGENA DEL CHAIRA,18150,156
CAQUETA,CURILLO,18205,77
CAQUETA,EL DONCELLO,18247,193
CAQUETA,EL PAUJIL,18256,85
CAQUETA,FLORENCIA,18001,29006
CAQUETA,LA MONTANITA,18410,57
CAQUETA,MILAN,18460,12
CAQUETA,MORELIA,18479,22
CAQUETA,PUERTO RICO,18592,163
CAQUETA,SAN JOSE DEL FRAGUA,18610,168
CAQUETA,SAN VICENTE DEL CAGUAN,18753,492
CAQUETA,SOLANO,18756,19
CAQUETA,SOLITA,18785,14
CAQUETA,VALPARAISO,18860,13
CASANARE,AGUAZUL,85010,1119
CASANARE,CHAMEZA,85015,17
CASANARE,HATO COROZAL,85125,36
CASANARE,LA SALINA,85136,36
CASANARE,MANI,85139,191
CASANARE,MONTERREY,85162,253
CASANARE,NUNCHIA,85225,36
CASANARE,OROCUE,85230,44
CASANARE,PAZ DE ARIPORO,85250,383
CASANARE,PORE,85263,99
CASANARE,RECETOR,85279,10
CASANARE,SABANALARGA,85300,7
CASANARE,SACAMA,85315,4
CASANARE,SAN LUIS DE PALENQUE,85325,84
CASANARE,TAMARA,85400,18
CASANARE,TAURAMENA,85410,949
CASANARE,TRINIDAD,85430,154
CASANARE,VILLANUEVA,85440,1576
CASANARE,YOPAL,85001,29070
CAUCA,ALMAGUER,19022,24
CAUCA,ARGELIA,19050,244
CAUCA,BALBOA,19075,213
CAUCA,BOLIVAR,19100,360
CAUCA,BUENOS AIRES,19110,90
CAUCA,CAJIBIO,19130,501
CAUCA,CALDONO,19137,262
CAUCA,CALOTO,19142,266
CAUCA,CORINTO,19212,66
CAUCA,EL TAMBO,19256,314
CAUCA,FLORENCIA,19290,106
CAUCA,GUACHENE,19300,82
CAUCA,GUAPI,19318,267
CAUCA,INZA,19355,155
CAUCA,JAMBALO,19364,87
CAUCA,LA SIERRA,19392,100
CAUCA,LA VEGA,19397,45
CAUCA,LOPEZ (MICAY),19418,6
CAUCA,MERCADERES,19450,202
CAUCA,MIRANDA,19455,477
CAUCA,MORALES,19473,273
CAUCA,PADILLA,19513,43
CAUCA,PAEZ,19517,82
CAUCA,PATIA (EL BORDO),19532,394
CAUCA,PIAMONTE,19533,48
CAUCA,PIENDAMO,19548,679
CAUCA,POPAYAN,19001,49107
CAUCA,PUERTO TEJADA,19573,1283
CAUCA,PURACE,19585,153
CAUCA,ROSAS,19622,121
CAUCA,SAN SEBASTIAN,19693,89
CAUCA,SANTA ROSA,19701,6
CAUCA,SANTANDER DE QUILICHAO,19698,2850
CAUCA,SILVIA,19743,684
CAUCA,SOTARA,19760,110
CAUCA,SUAREZ,19780,79
CAUCA,SUCRE,19785,230
CAUCA,TIMBIO,19807,522
CAUCA,TIMBIQUI,19809,46
CAUCA,TORIBIO,19821,115
CAUCA,TOTORO,19824,380
CAUCA,VILLARICA,19845,219
CESAR,AGUACHICA,20011,5781
CESAR,AGUSTIN CODAZZI,20013,5181
CESAR,ASTREA,20032,439
CESAR,BECERRIL,20045,807
CESAR,BOSCONIA,20060,2527
CESAR,CHIMICHAGUA,20175,1080
CESAR,CHIRIGUANA,20178,1835
CESAR,CURUMANI,20228,2051
CESAR,EL COPEY,20238,1425
CESAR,EL PASO,20250,1326
CESAR,GAMARRA,20295,469
CESAR,GONZALEZ,20310,371
CESAR,LA GLORIA,20383,798
CESAR,LA JAGUA DE IBIRICO,20400,2678
CESAR,MANAURE BALCON DEL CESAR,20443,504
CESAR,PAILITAS,20517,1058
CESAR,PELAYA,20550,986
CESAR,PUEBLO BELLO,20570,300
CESAR,RIO DE ORO,20614,649
CESAR,ROBLES (LA PAZ),20621,1920
CESAR,SAN ALBERTO,20710,974
CESAR,SAN DIEGO,20750,900
CESAR,SAN MARTIN,20770,1038
CESAR,TAMALAMEQUE,20787,287
CESAR,VALLEDUPAR,20001,101388
CHOCO,ACANDI,27006,127
CHOCO,ALTO BAUDO (PIE DE PATO),27025,3
CHOCO,ATRATO,27050,18
CHOCO,BAGADO,27073,107
CHOCO,BAHIA SOLANO (MUTIS),27075,55
CHOCO,BAJO BAUDO (PIZARRO),27077,42
CHOCO,BELÉN DE BAJIRA,27086,1
CHOCO,BOJAYA (BELLAVISTA),27099,5
CHOCO,CARMEN DEL DARIEN,27150,44
CHOCO,CONDOTO,27205,15
CHOCO,EL CARMEN DE ATRATO,27245,860
CHOCO,ITSMINA,27361,162
CHOCO,LLORO,27413,5
CHOCO,MEDIO BAUDO (BOCA DE PEPE),27430,3
CHOCO,MEDIO SAN JUAN,27450,102
CHOCO,NUQUI,27495,83
CHOCO,QUIBDO,27001,32414
CHOCO,RIO IRO,27580,2
CHOCO,RIOQUITO,27600,4
CHOCO,RIOSUCIO,27615,266
CHOCO,SIPI,27745,4
CHOCO,TADO,27787,13
CHOCO,UNGUIA,27800,9
CHOCO,UNION PANAMERICANA,27810,146
CORDOBA,* CORDOBA. MUNICIPIO DESCONOCIDO,23000,1
CORDOBA,AYAPEL,23068,761
CORDOBA,BUENAVISTA,23079,212
CORDOBA,CANALETE,23090,977
CORDOBA,CERETE,23162,7183
CORDOBA,CHIMA,23168,201
CORDOBA,CHINU,23182,905
CORDOBA,CIENAGA DE ORO,23189,2234
CORDOBA,COTORRA,23300,987
CORDOBA,LA APARTADA,23350,828
CORDOBA,LORICA,23417,6891
CORDOBA,LOS CORDOBAS,23419,745
CORDOBA,MOMIL,23464,324
CORDOBA,MOÑITOS,23500,2010
CORDOBA,MONTELIBANO,23466,4443
CORDOBA,MONTERIA,23001,119446
CORDOBA,PLANETA RICA,23555,6710
CORDOBA,PUEBLO NUEVO,23570,2061
CORDOBA,PUERTO ESCONDIDO,23574,491
CORDOBA,PUERTO LIBERTADOR,23580,1566
CORDOBA,PURISIMA,23586,243
CORDOBA,SAHAGUN,23660,4498
CORDOBA,SAN ANDRES SOTAVENTO,23670,550
CORDOBA,SAN ANTERO,23672,588
CORDOBA,SAN BERNARDO DEL VIENTO,23675,584
CORDOBA,SAN CARLOS,23678,453
CORDOBA,SAN JOSE DE URE,23682,219
CORDOBA,SAN PELAYO,23686,652
CORDOBA,TIERRALTA,23807,1292
CORDOBA,TUCHIN,23815,1119
CORDOBA,VALENCIA,23855,416
CUNDINAMARCA,* CUNDINAMARCA. MUNICIPIO DESCONOCIDO,25000,56
CUNDINAMARCA,AGUA DE DIOS,25001,1110
CUNDINAMARCA,ALBAN,25019,284
CUNDINAMARCA,ANAPOIMA,25035,1139
CUNDINAMARCA,ANOLAIMA,25040,437
CUNDINAMARCA,ARBELAEZ,25053,1230
CUNDINAMARCA,BELTRAN,25086,104
CUNDINAMARCA,BITUIMA,25095,38
CUNDINAMARCA,BOJACA,25099,764
CUNDINAMARCA,CABRERA,25120,67
CUNDINAMARCA,CACHIPAY,25123,341
CUNDINAMARCA,CAJICA,25126,14263
CUNDINAMARCA,CAPARRAPI,25148,706
CUNDINAMARCA,CAQUEZA,25151,1091
CUNDINAMARCA,CARMEN DE CARUPA,25154,199
CUNDINAMARCA,CHAGUANI,25168,106
CUNDINAMARCA,CHIA,25175,25285
CUNDINAMARCA,CHIPAQUE,25178,318
CUNDINAMARCA,CHOACHI,25181,330
CUNDINAMARCA,CHOCONTA,25183,910
CUNDINAMARCA,COGUA,25200,1426
CUNDINAMARCA,COTA,25214,4209
CUNDINAMARCA,CUCUNUBA,25224,393
CUNDINAMARCA,EL COLEGIO,25245,1472
CUNDINAMARCA,EL PEÑON,25258,5
CUNDINAMARCA,EL ROSAL,25260,1200
CUNDINAMARCA,FACATATIVA,25269,13360
CUNDINAMARCA,FOMEQUE,25279,481
CUNDINAMARCA,FOSCA,25281,52
CUNDINAMARCA,FUNZA,25286,12900
CUNDINAMARCA,FUQUENE,25288,62
CUNDINAMARCA,FUSAGASUGA,25290,20055
CUNDINAMARCA,GACHALA,25293,293
CUNDINAMARCA,GACHANCIPA,25295,992
CUNDINAMARCA,GACHETA,25297,243
CUNDINAMARCA,GAMA,25299,8
CUNDINAMARCA,GIRARDOT,25307,21859
CUNDINAMARCA,GRANADA,25312,729
CUNDINAMARCA,GUACHETA,25317,274
CUNDINAMARCA,GUADUAS,25320,2134
CUNDINAMARCA,GUASCA,25322,633
CUNDINAMARCA,GUATAQUI,25324,87
CUNDINAMARCA,GUATAVITA,25326,180
CUNDINAMARCA,GUAYABAL DE SIQUIMA,25328,52
CUNDINAMARCA,GUAYABETAL,25335,33
CUNDINAMARCA,GUTIERREZ,25339,10
CUNDINAMARCA,JERUSALEN,25368,136
CUNDINAMARCA,JUNIN,25372,65
CUNDINAMARCA,LA CALERA,25377,2691
CUNDINAMARCA,LA MESA,25386,3628
CUNDINAMARCA,LA PALMA,25394,235
CUNDINAMARCA,LA PEÑA,25398,39
CUNDINAMARCA,LA VEGA,25402,619
CUNDINAMARCA,LENGUAZAQUE,25407,134
CUNDINAMARCA,MACHETA,25426,139
CUNDINAMARCA,MADRID,25430,11370
CUNDINAMARCA,MANTA,25436,30
CUNDINAMARCA,MEDINA,25438,282
CUNDINAMARCA,MOSQUERA,25473,11713
CUNDINAMARCA,NARIÑO,25483,141
CUNDINAMARCA,NEMOCON,25486,709
CUNDINAMARCA,NILO,25488,2901
CUNDINAMARCA,NIMAIMA,25489,105
CUNDINAMARCA,NOCAIMA,25491,140
CUNDINAMARCA,OSPINA PEREZ (VENECIA),25506,330
CUNDINAMARCA,PACHO,25513,2799
CUNDINAMARCA,PAIME,25518,6
CUNDINAMARCA,PANDI,25524,27
CUNDINAMARCA,PARATEBUENO,25530,39
CUNDINAMARCA,PASCA,25535,248
CUNDINAMARCA,PUERTO SALGAR,25572,644
CUNDINAMARCA,PULI,25580,26
CUNDINAMARCA,QUEBRADANEGRA,25592,33
CUNDINAMARCA,QUETAME,25594,59
CUNDINAMARCA,QUIPILE,25596,268
CUNDINAMARCA,RAFAEL REYES (APULO),25599,307
CUNDINAMARCA,RICAURTE,25612,1339
CUNDINAMARCA,SAN ANTONIO DE TEQUENDAMA,25645,462
CUNDINAMARCA,SAN BERNARDO,25649,86
CUNDINAMARCA,SAN CAYETANO,25653,43
CUNDINAMARCA,SAN FRANCISCO,25658,492
CUNDINAMARCA,SAN JUAN DE RIO SECO,25662,151
CUNDINAMARCA,SASAIMA,25718,553
CUNDINAMARCA,SESQUILE,25736,656
CUNDINAMARCA,SIBATE,25740,4777
CUNDINAMARCA,SILVANIA,25743,1654
CUNDINAMARCA,SIMIJACA,25745,442
CUNDINAMARCA,SOACHA,25754,50011
CUNDINAMARCA,SOPO,25758,2540
CUNDINAMARCA,SUBACHOQUE,25769,880
CUNDINAMARCA,SUESCA,25772,1043
CUNDINAMARCA,SUPATA,25777,8
CUNDINAMARCA,SUSA,25779,89
CUNDINAMARCA,SUTATAUSA,25781,479
CUNDINAMARCA,TABIO,25785,1784
CUNDINAMARCA,TAUSA,25793,331
CUNDINAMARCA,TENA,25797,168
CUNDINAMARCA,TENJO,25799,1724
CUNDINAMARCA,TIBACUY,25805,125
CUNDINAMARCA,TIBIRITA,25807,182
CUNDINAMARCA,TOCAIMA,25815,542
CUNDINAMARCA,TOCANCIPA,25817,4559
CUNDINAMARCA,TOPAIPI,25823,9
CUNDINAMARCA,UBALA,25839,989
CUNDINAMARCA,UBAQUE,25841,459
CUNDINAMARCA,UBATE,25843,3551
CUNDINAMARCA,UNE,25845,116
CUNDINAMARCA,UTICA,25851,43
CUNDINAMARCA,VERGARA,25862,208
CUNDINAMARCA,VIANI,25867,57
CUNDINAMARCA,VILLAGOMEZ,25871,2
CUNDINAMARCA,VILLAPINZON,25873,382
CUNDINAMARCA,VILLETA,25875,1968
CUNDINAMARCA,VIOTA,25878,160
CUNDINAMARCA,YACOPI,25885,246
CUNDINAMARCA,ZIPACON,25898,232
CUNDINAMARCA,ZIPAQUIRA,25899,20485
GUAINIA,BARRANCO MINAS (CD),94343,2
GUAINIA,PUERTO COLOMBIA (CD),94884,3
GUAINIA,PUERTO INIRIDA,94001,4915
GUAINIA,SAN FELIPE (CD),94883,2
GUAJIRA,* LA GUAJIRA SIN MUNICIPIO,44000,1
GUAJIRA,ALBANIA,44035,3220
GUAJIRA,BARRANCAS,44078,3516
GUAJIRA,DIBULLA,44090,723
GUAJIRA,DISTRACCION,44098,886
GUAJIRA,EL MOLINO,44110,582
GUAJIRA,FONSECA,44279,3568
GUAJIRA,HATONUEVO,44378,1240
GUAJIRA,LA JAGUA DEL PILAR,44420,390
GUAJIRA,MAICAO,44430,13837
GUAJIRA,MANAURE,44560,692
GUAJIRA,RIOHACHA,44001,28020
GUAJIRA,SAN JUAN DEL CESAR,44650,3962
GUAJIRA,URIBIA,44847,2476
GUAJIRA,URUMITA,44855,1034
GUAJIRA,VILLANUEVA,44874,1755
GUAVIARE,CALAMAR,95015,94
GUAVIARE,EL RETORNO,95025,216
GUAVIARE,MIRAFLORES,95200,71
GUAVIARE,SAN JOSE DEL GUAVIARE,95001,7553
HUILA,* HUILA. MUNICIPIO DESCONOCIDO,41000,5
HUILA,ACEVEDO,41006,372
HUILA,AGRADO,41013,386
HUILA,AIPE,41016,1212
HUILA,ALGECIRAS,41020,1695
HUILA,ALTAMIRA,41026,179
HUILA,BARAYA,41078,479
HUILA,CAMPOALEGRE,41132,2004
HUILA,COLOMBIA,41206,603
HUILA,ELIAS,41244,160
HUILA,GARZON,41298,6923
HUILA,GIGANTE,41306,1726
HUILA,GUADALUPE,41319,749
HUILA,HOBO,41349,349
HUILA,IQUIRA,41357,201
HUILA,ISNOS (SAN JOSE DE ISNOS),41359,1230
HUILA,LA ARGENTINA,41378,775
HUILA,LA PLATA,41396,1874
HUILA,NATAGA,41483,342
HUILA,NEIVA,41001,88593
HUILA,OPORAPA,41503,475
HUILA,PAICOL,41518,401
HUILA,PALERMO,41524,1452
HUILA,PALESTINA,41530,263
HUILA,PITAL,41548,458
HUILA,PITALITO,41551,10228
HUILA,RIVERA,41615,1296
HUILA,SALADOBLANCO,41660,469
HUILA,SAN AGUSTIN,41668,1122
HUILA,SANTA MARIA,41676,133
HUILA,SUAZA,41770,640
HUILA,TARQUI,41791,756
HUILA,TELLO,41799,443
HUILA,TERUEL,41801,492
HUILA,TESALIA,41797,641
HUILA,TIMANA,41807,810
HUILA,VILLAVIEJA,41872,427
HUILA,YAGUARA,41885,667
MAGDALENA,ALGARROBO,47030,429
MAGDALENA,ARACATACA,47053,1187
MAGDALENA,ARIGUANI (EL DIFICIL),47058,1059
MAGDALENA,CERRO SAN ANTONIO,47161,744
MAGDALENA,CHIVOLO,47170,502
MAGDALENA,CIENAGA,47189,6285
MAGDALENA,CONCORDIA,47205,488
MAGDALENA,EL BANCO,47245,3098
MAGDALENA,EL PIÑON,47258,522
MAGDALENA,EL RETEN,47268,579
MAGDALENA,FUNDACION,47288,2375
MAGDALENA,GUAMAL,47318,579
MAGDALENA,NUEVA GRANADA,47460,552
MAGDALENA,PEDRAZA,47541,603
MAGDALENA,PIJIÑO DEL CARMEN (PIJIÑO),47545,137
MAGDALENA,PIVIJAY,47551,1769
MAGDALENA,PLATO,47555,2141
MAGDALENA,PUEBLOVIEJO,47570,549
MAGDALENA,REMOLINO,47605,1109
MAGDALENA,SABANAS DE SAN ANGEL,47660,217
MAGDALENA,SALAMINA,47675,1224
MAGDALENA,SAN SEBASTIAN DE BUENAVISTA,47692,722
MAGDALENA,SAN ZENON,47703,111
MAGDALENA,SANTA ANA,47707,929
MAGDALENA,SANTA BARBARA DE PINTO,47720,49
MAGDALENA,SITIO NUEVO,47745,2332
MAGDALENA,STA MARTA D.E.,47001,108661
MAGDALENA,TENERIFE,47798,279
MAGDALENA,ZAPAYAN,47960,121
MAGDALENA,ZONA BANANERA,47980,1453
META,* META. MUNICIPIO DESCONOCIDO,50000,1
META,ACACIAS,50006,9250
META,BARRANCA DE UPIA,50110,94
META,CABUYARO,50124,154
META,CASTILLA LA NUEVA,50150,2192
META,CUBARRAL,50223,49
META,CUMARAL,50226,603
META,EL CALVARIO,50245,15
META,EL CASTILLO,50251,65
META,EL DORADO,50270,80
META,FUENTE DE ORO,50287,204
META,GRANADA,50313,2480
META,GUAMAL,50318,559
META,LA MACARENA,50350,256
META,LA URIBE,50370,128
META,LEJANIAS,50400,36
META,MAPIRIPAN,50325,99
META,MESETAS,50330,256
META,PUERTO CONCORDIA,50450,175
META,PUERTO GAITAN,50568,19068
META,PUERTO LLERAS,50577,124
META,PUERTO LOPEZ,50573,666
META,PUERTO RICO,50590,123
META,RESTREPO,50606,955
META,SAN CARLOS DE GUAROA,50680,276
META,SAN JUAN DE ARAMA,50683,94
META,SAN JUANITO,50686,3
META,SAN MARTIN,50689,550
META,VILLAVICENCIO,50001,105091
META,VISTAHERMOSA,50711,275
NARIÑO,* NARIÑO. MUNICIPIO DESCONOCIDO,52000,1
NARIÑO,ALBAN (SAN JOSE),52019,353
NARIÑO,ALDANA,52022,253
NARIÑO,ANCUYA,52036,144
NARIÑO,ARBOLEDA (BERRUECOS),52051,334
NARIÑO,BARBACOAS,52079,1262
NARIÑO,BELEN,52083,178
NARIÑO,BUESACO,52110,830
NARIÑO,CHACHAGUI,52240,339
NARIÑO,COLON (GENOVA),52203,761
NARIÑO,CONSACA,52207,407
NARIÑO,CONTADERO,52210,124
NARIÑO,CORDOBA,52215,477
NARIÑO,CUASPUD (CARLOSAMA),52224,86
NARIÑO,CUMBAL,52227,1174
NARIÑO,CUMBITARA,52233,710
NARIÑO,EL CHARCO,52250,1100
NARIÑO,EL PEÑOL,52254,1113
NARIÑO,EL ROSARIO,52256,239
NARIÑO,EL TABLON,52258,425
NARIÑO,EL TAMBO,52260,851
NARIÑO,FRANCISCO PIZARRO (SALAHONDA),52520,172
NARIÑO,FUNES,52287,130
NARIÑO,GUACHUCAL,52317,502
NARIÑO,GUAITARILLA,52320,541
NARIÑO,GUALMATAN,52323,73
NARIÑO,ILES,52352,162
NARIÑO,IMUES,52354,525
NARIÑO,IPIALES,52356,9947
NARIÑO,LA CRUZ,52378,716
NARIÑO,LA FLORIDA,52381,317
NARIÑO,LA LLANADA,52385,346
NARIÑO,LA TOLA,52390,277
NARIÑO,LA UNION,52399,2417
NARIÑO,LEIVA,52405,104
NARIÑO,LINARES,52411,454
NARIÑO,LOS ANDES (SOTOMAYOR),52418,206
NARIÑO,MAGUI (PAYAN),52427,457
NARIÑO,MALLAMA (PIEDRANCHA),52435,292
NARIÑO,MOSQUERA,52473,106
NARIÑO,NARIÑO,52480,202
NARIÑO,OLAYA HERRERA(BOCAS DE SATINGA,52490,413
NARIÑO,OSPINA,52506,219
NARIÑO,PASTO,52001,48641
NARIÑO,POLICARPA,52540,647
NARIÑO,POTOSI,52560,146
NARIÑO,PROVIDENCIA,52565,389
NARIÑO,PUERRES,52573,622
NARIÑO,PUPIALES,52585,576
NARIÑO,RICAURTE,52612,222
NARIÑO,ROBERTO PAYAN (SAN JOSE),52621,226
NARIÑO,SAMANIEGO,52678,407
NARIÑO,SAN BERNARDO,52685,312
NARIÑO,SAN LORENZO,52687,397
NARIÑO,SAN PABLO,52693,1507
NARIÑO,SAN PEDRO DE CARTAGO,52694,360
NARIÑO,SANDONA,52683,827
NARIÑO,SANTA BARBARA (ISCUANDE),52696,336
NARIÑO,SANTA CRUZ (GUACHAVES),52699,7
NARIÑO,SAPUYES,52720,113
NARIÑO,TAMINANGO,52786,329
NARIÑO,TANGUA,52788,897
NARIÑO,TUMACO,52835,8161
NARIÑO,TUQUERRES,52838,1664
NARIÑO,YACUANQUER,52885,508
NORTE SANTANDER,* NORTE DE SANTANDER. MUNICIPIO DESCONOCIDO,54000,1
NORTE SANTANDER,ABREGO,54003,254
NORTE SANTANDER,ARBOLEDAS,54051,165
NORTE SANTANDER,BOCHALEMA,54099,145
NORTE SANTANDER,BUCARASICA,54109,30
NORTE SANTANDER,CACHIRA,54128,20
NORTE SANTANDER,CACOTA,54125,39
NORTE SANTANDER,CHINACOTA,54172,326
NORTE SANTANDER,CHITAGA,54174,134
NORTE SANTANDER,CONVENCION,54206,21
NORTE SANTANDER,CUCUTA,54001,81361
NORTE SANTANDER,CUCUTILLA,54223,175
NORTE SANTANDER,DURANIA,54239,55
NORTE SANTANDER,EL CARMEN,54245,39
NORTE SANTANDER,EL TARRA,54250,141
NORTE SANTANDER,EL ZULIA,54261,585
NORTE SANTANDER,GRAMALOTE,54313,205
NORTE SANTANDER,HACARI,54344,28
NORTE SANTANDER,HERRAN,54347,213
NORTE SANTANDER,LA ESPERANZA,54385,40
NORTE SANTANDER,LA PLAYA,54398,35
NORTE SANTANDER,LABATECA,54377,124
NORTE SANTANDER,LOS PATIOS,54405,2702
NORTE SANTANDER,LOURDES,54418,22
NORTE SANTANDER,MUTISCUA,54480,27
NORTE SANTANDER,OCAÑA,54498,4722
NORTE SANTANDER,PAMPLONA,54518,3529
NORTE SANTANDER,PAMPLONITA,54520,87
NORTE SANTANDER,PUERTO SANTANDER,54553,238
NORTE SANTANDER,RAGONVALIA,54599,335
NORTE SANTANDER,SALAZAR,54660,112
NORTE SANTANDER,SAN CALIXTO,54670,39
NORTE SANTANDER,SAN CAYETANO,54673,262
NORTE SANTANDER,SANTIAGO,54680,201
NORTE SANTANDER,SARDINATA,54720,433
NORTE SANTANDER,SILOS,54743,55
NORTE SANTANDER,TEORAMA,54800,38
NORTE SANTANDER,TIBU,54810,1964
NORTE SANTANDER,TOLEDO,54820,215
NORTE SANTANDER,VILLA CARO,54871,125
NORTE SANTANDER,VILLA DEL ROSARIO,54874,3225
PUTUMAYO,COLON,86219,543
PUTUMAYO,MOCOA,86001,9198
PUTUMAYO,ORITO,86320,1185
PUTUMAYO,PUERTO ASIS,86568,2583
PUTUMAYO,PUERTO CAICEDO,86569,95
PUTUMAYO,PUERTO GUZMAN,86571,310
PUTUMAYO,PUERTO LEGUIZAMO,86573,218
PUTUMAYO,SAN FRANCISCO,86755,133
PUTUMAYO,SAN MIGUEL (LA DORADA),86757,611
PUTUMAYO,SANTIAGO,86760,149
PUTUMAYO,SIBUNDOY,86749,735
PUTUMAYO,VALLE DEL GUAMUEZ,86865,1057
PUTUMAYO,VILLAGARZON,86885,2427
QUINDIO,ARMENIA,63001,56694
QUINDIO,BUENAVISTA,63111,145
QUINDIO,CALARCA,63130,2877
QUINDIO,CIRCASIA,63190,872
QUINDIO,CORDOBA,63212,104
QUINDIO,FILANDIA,63272,602
QUINDIO,GENOVA,63302,206
QUINDIO,LA TEBAIDA,63401,654
QUINDIO,MONTENEGRO,63470,1102
QUINDIO,PIJAO,63548,246
QUINDIO,QUIMBAYA,63594,694
QUINDIO,SALENTO,63690,240
RISARALDA,* RISARALDA SIN MUNICIPIO,66000,1
RISARALDA,APIA,66045,589
RISARALDA,BALBOA,66075,369
RISARALDA,BELEN DE UMBRIA,66088,1510
RISARALDA,DOSQUEBRADAS,66170,12134
RISARALDA,GUATICA,66318,254
RISARALDA,LA CELIA,66383,275
RISARALDA,LA VIRGINIA,66400,3418
RISARALDA,MARSELLA,66440,315
RISARALDA,MISTRATO,66456,362
RISARALDA,PEREIRA,66001,71456
RISARALDA,PUEBLO RICO,66572,411
RISARALDA,QUINCHIA,66594,688
RISARALDA,SANTA ROSA DE CABAL,66682,5170
RISARALDA,SANTUARIO,66687,647
SAN ANDRES,PROVIDENCIA,88564,188
SAN ANDRES,SAN ANDRES,88001,9755
SANTANDER,* SANTANDER. MUNICIPIO DESCONOCIDO,68000,3
SANTANDER,AGUADA,68013,68
SANTANDER,ALBANIA,68020,25
SANTANDER,ARATOCA,68051,234
SANTANDER,BARBOSA,68077,601
SANTANDER,BARICHARA,68079,325
SANTANDER,BARRANCABERMEJA,68081,51607
SANTANDER,BETULIA,68092,144
SANTANDER,BOLIVAR,68101,76
SANTANDER,BUCARAMANGA,68001,147091
SANTANDER,CABRERA,68121,114
SANTANDER,CALIFORNIA,68132,104
SANTANDER,CAPITANEJO,68147,45
SANTANDER,CARCASI,68152,57
SANTANDER,CEPITA,68160,27
SANTANDER,CERRITO,68162,279
SANTANDER,CHARALA,68167,227
SANTANDER,CHARTA,68169,180
SANTANDER,CHIMA,68176,123
SANTANDER,CHIPATA,68179,68
SANTANDER,CIMITARRA,68190,683
SANTANDER,CONCEPCION,68207,31
SANTANDER,CONFINES,68209,57
SANTANDER,CONTRATACION,68211,273
SANTANDER,COROMORO,68217,64
SANTANDER,CURITI,68229,175
SANTANDER,EL CARMEN DE CHUCURI,68235,124
SANTANDER,EL GUACAMAYO,68245,30
SANTANDER,EL PEÑON,68250,118
SANTANDER,EL PLAYON,68255,73
SANTANDER,ENCINO,68264,17
SANTANDER,ENCISO,68266,97
SANTANDER,FLORIAN,68271,8
SANTANDER,FLORIDABLANCA,68276,46599
SANTANDER,GALAN,68296,16
SANTANDER,GAMBITA,68298,131
SANTANDER,GIRON,68307,7279
SANTANDER,GUACA,68318,186
SANTANDER,GUADALUPE,68320,66
SANTANDER,GUAPOTA,68322,98
SANTANDER,GUAVATA,68324,81
SANTANDER,GUEPSA,68327,58
SANTANDER,HATO,68344,37
SANTANDER,JESUS MARIA,68368,27
SANTANDER,JORDAN,68370,38
SANTANDER,LA BELLEZA,68377,257
SANTANDER,LA PAZ,68397,152
SANTANDER,LANDAZURI,68385,151
SANTANDER,LEBRIJA,68406,342
SANTANDER,LOS SANTOS,68418,99
SANTANDER,MACARAVITA,68425,43
SANTANDER,MALAGA,68432,1651
SANTANDER,MATANZA,68444,132
SANTANDER,MOGOTES,68464,38
SANTANDER,MOLAGAVITA,68468,84
SANTANDER,OCAMONTE,68498,51
SANTANDER,OIBA,68500,437
SANTANDER,ONZAGA,68502,70
SANTANDER,PALMAR,68522,15
SANTANDER,PALMAS SOCORRO,68524,65
SANTANDER,PARAMO,68533,288
SANTANDER,PIEDECUESTA,68547,11584
SANTANDER,PINCHOTE,68549,147
SANTANDER,PUENTE NACIONAL,68572,87
SANTANDER,PUERTO PARRA,68573,20
SANTANDER,PUERTO WILCHES,68575,373
SANTANDER,RIONEGRO,68615,334
SANTANDER,SABANA DE TORRES,68655,811
SANTANDER,SAN ANDRES,68669,257
SANTANDER,SAN BENITO,68673,79
SANTANDER,SAN GIL,68679,4687
SANTANDER,SAN JOAQUIN,68682,199
SANTANDER,SAN JOSE DE MIRANDA,68684,129
SANTANDER,SAN MIGUEL,68686,46
SANTANDER,SAN VICENTE DE CHUCURI,68689,849
SANTANDER,SANTA BARBARA,68705,70
SANTANDER,SANTA HELENA DEL OPON,68720,104
SANTANDER,SIMACOTA,68745,147
SANTANDER,SOCORRO,68755,1690
SANTANDER,SUAITA,68770,308
SANTANDER,SUCRE,68773,164
SANTANDER,SURATA,68780,77
SANTANDER,TONA,68820,124
SANTANDER,VALLE DE SAN JOSE,68855,120
SANTANDER,VELEZ,68861,1117
SANTANDER,VETAS,68867,153
SANTANDER,VILLANUEVA,68872,80
SANTANDER,ZAPATOCA,68895,44
SUCRE,BUENAVISTA,70110,970
SUCRE,CAIMITO,70124,437
SUCRE,CHALAN,70230,92
SUCRE,COLOSO (RICAURTE),70204,205
SUCRE,COROZAL,70215,3748
SUCRE,COVEÑAS,70221,1314
SUCRE,EL ROBLE,70233,200
SUCRE,GALERAS (NUEVA GRANADA),70235,694
SUCRE,GUARANDA,70265,310
SUCRE,LA UNION,70400,336
SUCRE,LOS PALMITOS,70418,967
SUCRE,MAJAGUAL,70429,318
SUCRE,MORROA,70473,791
SUCRE,OVEJAS,70508,2252
SUCRE,PALMITO,70523,235
SUCRE,SAMPUES,70670,1870
SUCRE,SAN BENITO ABAD,70678,526
SUCRE,SAN JUAN DE BETULIA,70702,299
SUCRE,SAN MARCOS,70708,1453
SUCRE,SAN ONOFRE,70713,2257
SUCRE,SAN PEDRO,70717,1193
SUCRE,SINCE,70742,1862
SUCRE,SINCELEJO,70001,69395
SUCRE,SUCRE,70771,384
SUCRE,TOLU,70820,1034
SUCRE,TOLUVIEJO,70823,902
TOLIMA,ALPUJARRA,73024,25
TOLIMA,ALVARADO,73026,162
TOLIMA,AMBALEMA,73030,119
TOLIMA,ANZOATEGUI,73043,303
TOLIMA,ARMERO (GUAYABAL),73055,498
TOLIMA,ATACO,73067,214
TOLIMA,CAJAMARCA,73124,1082
TOLIMA,CARMEN DE APICALA,73148,187
TOLIMA,CASABIANCA,73152,60
TOLIMA,CHAPARRAL,73168,1611
TOLIMA,COELLO,73200,103
TOLIMA,COYAIMA,73217,626
TOLIMA,CUNDAY,73226,113
TOLIMA,DOLORES,73236,223
TOLIMA,ESPINAL,73268,9249
TOLIMA,FALAN,73270,163
TOLIMA,FLANDES,73275,619
TOLIMA,FRESNO,73283,1445
TOLIMA,GUAMO,73319,1328
TOLIMA,HERVEO,73347,146
TOLIMA,HONDA,73349,1962
TOLIMA,IBAGUE,73001,118204
TOLIMA,ICONONZO,73352,161
TOLIMA,LERIDA,73408,745
TOLIMA,LIBANO,73411,2083
TOLIMA,MARIQUITA,73443,1581
TOLIMA,MELGAR,73449,2910
TOLIMA,MURILLO,73461,111
TOLIMA,NATAGAIMA,73483,373
TOLIMA,ORTEGA,73504,879
TOLIMA,PALOCABILDO,73520,179
TOLIMA,PIEDRAS,73547,308
TOLIMA,PLANADAS,73555,214
TOLIMA,PRADO,73563,176
TOLIMA,PURIFICACION,73585,722
TOLIMA,RIOBLANCO,73616,460
TOLIMA,RONCESVALLES,73622,77
TOLIMA,ROVIRA,73624,554
TOLIMA,SALDAÑA,73671,120
TOLIMA,SAN ANTONIO,73675,282
TOLIMA,SAN LUIS,73678,346
TOLIMA,SANTA ISABEL,73686,260
TOLIMA,SUAREZ,73770,78
TOLIMA,VALLE DE SAN JUAN,73854,58
TOLIMA,VENADILLO,73861,526
TOLIMA,VILLAHERMOSA,73870,276
TOLIMA,VILLARICA,73873,140
VALLE DEL CAUCA,* VALLE. MUNICIPIO DESCONOCIDO,76000,1
VALLE DEL CAUCA,ALCALA,76020,381
VALLE DEL CAUCA,ANDALUCIA,76036,1546
VALLE DEL CAUCA,ANSERMANUEVO,76041,278
VALLE DEL CAUCA,ARGELIA,76054,78
VALLE DEL CAUCA,BOLIVAR,76100,46
VALLE DEL CAUCA,BUENAVENTURA,76109,9164
VALLE DEL CAUCA,BUGA,76111,7086
VALLE DEL CAUCA,BUGALAGRANDE,76113,841
VALLE DEL CAUCA,CAICEDONIA,76122,519
VALLE DEL CAUCA,CALI,76001,422970
VALLE DEL CAUCA,CANDELARIA,76130,3075
VALLE DEL CAUCA,CARTAGO,76147,6849
VALLE DEL CAUCA,DAGUA,76233,1702
VALLE DEL CAUCA,DARIEN,76126,116
VALLE DEL CAUCA,EL AGUILA,76243,101
VALLE DEL CAUCA,EL CAIRO,76246,53
VALLE DEL CAUCA,EL CERRITO,76248,2364
VALLE DEL CAUCA,EL DOVIO,76250,69
VALLE DEL CAUCA,FLORIDA,76275,2065
VALLE DEL CAUCA,GINEBRA,76306,499
VALLE DEL CAUCA,GUACARI,76318,451
VALLE DEL CAUCA,JAMUNDI,76364,6477
VALLE DEL CAUCA,LA CUMBRE,76377,237
VALLE DEL CAUCA,LA UNION,76400,340
VALLE DEL CAUCA,LA VICTORIA,76403,179
VALLE DEL CAUCA,OBANDO,76497,302
VALLE DEL CAUCA,PALMIRA,76520,19853
VALLE DEL CAUCA,PRADERA,76563,1298
VALLE DEL CAUCA,RESTREPO,76606,215
VALLE DEL CAUCA,RIOFRIO,76616,192
VALLE DEL CAUCA,ROLDANILLO,76622,469
VALLE DEL CAUCA,SAN PEDRO,76670,130
VALLE DEL CAUCA,SEVILLA,76736,374
VALLE DEL CAUCA,TORO,76823,47
VALLE DEL CAUCA,TRUJILLO,76828,289
VALLE DEL CAUCA,TULUA,76834,11519
VALLE DEL CAUCA,ULLOA,76845,119
VALLE DEL CAUCA,VERSALLES,76863,204
VALLE DEL CAUCA,VIJES,76869,283
VALLE DEL CAUCA,YOTOCO,76890,444
VALLE DEL CAUCA,YUMBO,76892,3064
VALLE DEL CAUCA,ZARZAL,76895,711
VAUPES,CARURU,97161,1
VAUPES,MITU,97001,3663
VAUPES,PACOA (CD),97511,4
VAUPES,TARAIRA,97666,1
VICHADA,CUMARIBO,99773,149
VICHADA,LA PRIMAVERA,99524,6
VICHADA,PUERTO CARREÑO,99001,5069
VICHADA,SANTA ROSALIA,99624,8
,,,7196497
